id,label
b'gAAAAABinOicS09vrmgh0_JyEHihI13ptO0rCyHP7l76be71PWA2ReUc4HUQn16Fya1z8_VStNnFGaXJF262CgsuMPzOaknSeg==',0
b'gAAAAABinOiWGC1WhR6WYP0DA5ssGv9rIekrWUwCdJ8FvkVcSUl2AquMfWqtOqs3AQYGxS13wQv9Tx4GEkPEl5RnbchazqsZcw==',0
b'gAAAAABinOibTcOBFIVeA4nVF3FuFz_QX3ZlPPFc21gS9EYdw6Wo8Y5agbzfD6hhsaXZCBdrUQVPpZBXYsODc2PDjER2DX5QcA==',0
b'gAAAAABinOig-g3-Q1ggjlMhfUSdn21Aj5yVVeVvXbisuGUmadvbBh5W28jivd2vgGUWVfHtMdC6vNLrDyFM5NgzILAOorgWGA==',0
b'gAAAAABinOiXdoaNUzihOSbyY1tjWtd5EgMaXkkvH6SVbyppsCh4sW4X5QGqFrLNAcfMQ4NPHOLqbNUVKU-5xxvWCwb5tT91Pw==',1
b'gAAAAABinOiWbgAxe8Uy9tboiJGZEYK7zcGy6fv8_5Ao4nwN9iCZx70at4UsfDvb3X4JL1Om9_sgAPBUiuuize3v7CwcsFm6Bw==',1
b'gAAAAABinOiYFRgmHZu5sLaAYKtwJbRhPnjCYPVxQPNfCegG_-eyGDg_9F43uYQqD9Ok9MKZlmuyQmf9LY0pk0GOZFDqZbFMIA==',1
b'gAAAAABinOiXQjg5rjPZsHSAQrJhP8u_21fwETW89EFNxR9FtB8Fh3PlYL5EV8PSGKzRZ0gyBPCkfS3ldV44cbP12fTatgRTFw==',0
b'gAAAAABinOic9rpK09lv7Q2k7bMbzXsT0ZluA8SfT7x0Zu92oMUyQExuOhSYx-UBx1JLSBOOyN9PptyKg6nAs-HIBfVBNV3wOw==',0
b'gAAAAABinOiWr-5MKlXYJ9hkIMYLh2XNHJeYWIIpt94IyPKqeNbqH9nEZdgg27APXCQ4Nzhzsc8-SqrrXSgGXEMGE3oSLzNZFw==',0
b'gAAAAABinOiWojfncdI_4yNxIRYGKI_rPYP_4LRN0QuDm6B6uG2XeUMlslET6B3JsfMS1yp3wSChxF0lqlGPla_mDZSH2xgIUQ==',0
b'gAAAAABinOieiNoucNx-MHyzbo0_DldTmH1CB7oPn_mnCDIQiRyJIVXswhWuGYkXfD87TRiCLGcSJJtZEmmL9anBpSYt9iUsZA==',0
b'gAAAAABinOid6OBUufEsrJIyCAHSi4zRyCZn53dwd9QqDri7wruJd5CxYHIPvrzgbdDY1FmiVzVbtn4N4pBgOjeJ2aBjimFPqQ==',0
b'gAAAAABinOicpYcGuaPFQ_oMVyty7rGCKPxs5g7Omm140Ylq2xptQx8ovayPykluoMUs7mgIob_PLcFr44_IFBAQgVz0eex8iA==',0
b'gAAAAABinOiZjPt9V5hAoLbDFMTE_e6IFJZ7OAmkyhZWNvcxkLUOW_YIyFqtQyS3GDqN5q3uOQRl5S3OcMfL2is9Gmp3QWut7g==',0
b'gAAAAABinOiYizS0KOejAQdF7DXI6QC0NBLtVJddcHnrB6Uzg4LKnhZX7-HMFHioYh5cBqbDj9GhBSajzvD6SBgrC6K5Fz1dbg==',1
b'gAAAAABinOigfxtbWFhuPAK2EhVaICK3O6FYXZg9aIXl7FGM7Vv51zaUnmNz-FA2aRzbtosalyQR7vD7h3dYbZcqk0LXQgTf1A==',0
b'gAAAAABinOiZFralE3zmAQhl1UX4ffuI5LZ9r-gKrK06cJdh_RKebNE5J6AyF0Un3GdPFGShwRn1XAiiNiupIZjNmklOoLiEAA==',0
b'gAAAAABinOidHY0w6U-6x99H5-fT3wf1qRDLYXAZW1QGpl-BQUP_2b-AaaygncOv4P2Usv_xBxW-AHHzItgOSY4oS-FrHe0E1g==',0
b'gAAAAABinOiZEsHLNrGsLoZujZnHAsgCNIM4IuebY4oeQiaC6rawdIetMmsSSW07H_73xSelnOvOapkvPJmF3T-g6RzVeOEllg==',0
b'gAAAAABinOidIFMcGb6qJR9Br4P3Ww1g5NQi8XdoyRln86FUPeW12AvSLKpLtuD--5_daFR_umCwqyiHAGZkiXAljnUuWkv3lw==',0
b'gAAAAABinOiWYA9abI7NvRIkBfWicaFVhpwZPFRSOKQ6djIjGdsBsJAbenjM8dmjdCDyfV9RffaOUVS7V9-DFhRagDbvExT5rw==',0
b'gAAAAABinOiYdw5roa5Pwrdh3nlRm5kMI_XfapEb-Hyk7pblOHnftml0gZgwbe5ri4wqzy7OiTqvW_zoaaMsR7WnkNmJjyy1iQ==',0
b'gAAAAABinOiaDGSxcGUw4pJ8_B1aWaWtaxehBbav_PJ8Mpj0ePKS1kL60aeG4ISJG0Pd9yNoiTm1JN35Zu45fuYN2F3eZVTE5w==',0
b'gAAAAABinOiaC01hAGuQ2cbulD5V7y6VqgNg_h5qEW8ZiuxSDrjopHRYng4hD-EQKOrL9a9f3aP3rexLVRSCiwRjLD53KdXZTQ==',0
b'gAAAAABinOiWRO5n-wx_8XRaC_iqYWmD1nne6RBtdRzj_AoY43W91-emvuLsggJqM53SutDpKGTpKaoUmPX3G3pxmwmRHXvfQQ==',0
b'gAAAAABinOiXOluUx80SjST7zDszZVYgvIr84uqk7pU4hQi4jhhT-CdTynvLymZxOuX2FR6PtSW_kL2779MulADPXGXhGpLNlw==',1
b'gAAAAABinOibxIlp_ezi8LA5Li9PJdo4MWwFwiBE8HsdYfsLOwmn9TzcN3h0DqBVLd77dGvTvTp96PSeJVBLh9egdMBUVE3XQA==',0
b'gAAAAABinOib4POcg6HpeLs52rX7ymqh5j85cMA0OEMKdVcKV2yKJfkzuG7J4yFS_2kNvg_XSo5-qiYF_AZrxjZ7r-3-A-VOqg==',0
b'gAAAAABinOigPGmge4E7UCMSldqFijVijbHHcMctK84wRFcsz4ixf-w52ez6y160GFYRbMXMiaMoKalTy3fcpc3geidt6gARGQ==',0
b'gAAAAABinOigZc4CjSjTmaZK0LEoiVHYXCpgL1tUrLvffaB5uhUY1nUOxscLYFA5MORXGbHqA1kaZwirle1mmHKVwBFs08cuDw==',0
b'gAAAAABinOiYoG977q-_fKrQTce-IoPudJ_KTg9ZePKM7Fp5jhJHAThEBBtdZGJVDy_m1lXUAECIaXdUuOOOukliTNW_8jQCcQ==',0
b'gAAAAABinOid6oDKlUEMzp3KUIAvRhgQ7esvPIniIno2jsj8PF_HqhDUKL1cb7Re-1oPF-pQrDEHUwFnuRK_C7QVN8zGJhVpWA==',0
b'gAAAAABinOihbqlkjl_3w_mMEFH0wJ2i4_GI_5swD2CEz60y82JEIFvaX4YigUVcY7VHByuxAfYZyhxvoAwNr1FF1w3fJ-E6hw==',0
b'gAAAAABinOiXRyHPvcfSDRRqTdJdk-RPByMo5UDCza-HmI_e76vQz2yeSBSjt8t0lLfTstvXaaQvdyBtEByFWSGkH0v2-8G9Iw==',0
b'gAAAAABinOiYlU52-5pZ5uWT7E8vZXPY4wXqJV9UmPtXMEBFfsoHflMiBh6OMffA7Ek_CscXSRhpaGI85riqiPE72LdQgEJ4Lw==',0
b'gAAAAABinOiWMXBSeuqhGe4go1msaxqbER1jefyAHrwwJRFs6xcB5cYhgsBilPUBk6KMksehqKx9-SHAu8J6_kbbV9gAv3Ox2w==',0
b'gAAAAABinOia4cUJRCK25C_eXa1_tWm1P_BVl-cFZ1O5OKMTrkfFEGsBAsRCg4wRUPCXt6GnDMrST5xmB3k0MbCHqlsTEP72AQ==',1
b'gAAAAABinOibAcU0Zq_xh2d1fTIa93EU1YV-0ngk46fKgu86lLn9eHU5UohDRg0LIO0tt6Kh8gWdnJjsdjEIYw4psDyecAUNjw==',1
b'gAAAAABinOidtz17CpH4rJioC4umHHqVNf7TGrV0nt4ZCuk_GaafAE6WkjjQGJRCTkgxFHoVutUv7IlCr7B4mpVbKetQpe0rhg==',0
b'gAAAAABinOiWUKxpWhB_x2dQ49rXooyGBrKTAF_igJ0fL7vrjOlFuCxua1Av7dZME0-VsEWqGtZBdVTcRgOsZBYTg6d7rF-7HQ==',1
b'gAAAAABinOiYeNdngFfNQNnRPLFGrAxJIlzMiie7qSbZo4ypihzkGy2g5C5kDtpnQYM5w5L__w-bHMTq3IrZ4eEnAyaANxd8Ug==',0
b'gAAAAABinOiXHthzB2BTuLQ-ZirjvnFOXxgn_qoJ1dfD26aUBa23y5S2rlBM3eIA17PE4yGpBTqavyLEigqZdq38dzK3XoBh7g==',0
b'gAAAAABinOiYuVLD0nMcX0G9Cxl05jIqNVgY2z-x5dXLISX1Yer9ZRyAKLzf-2R8NQ21EcYe1XSMU6vVIXaSu5pGtkMDwI5bFQ==',0
b'gAAAAABinOiWM_LVZJYikKQteqlnIVtKbPRvKmlbq_ECmNF9J_StnS0xoLg5s23Z4qsLX6fD6cCT4tKtDZ_EICPjW5E0K4Cl4Q==',1
b'gAAAAABinOiXSTrYO1eyy-HD7Y33oTinQoFwIYsWg2QUqarQF2Y3yStUA-ecebQZNDXhSSqWnID04BYxdJEbUyQRY14i3VIXYw==',1
b'gAAAAABinOibfCA4i6z4lSFeF53fm0aMhmnIcAlgxvu_WTuUK6HSR_jANLfRzqfwSFGaYIk_WZ0LSpd2bhT0XNoKFp0XuCgWyQ==',0
b'gAAAAABinOihs9MkRJstGGA_f-4zkbsesxO-5Iad2ylMStifZ-GLIrtG0xUD63OFziv-CqErMYyum9HK42tCN_D8cHSLpwXHxw==',0
b'gAAAAABinOiYNtZEtW0p7UQBG-SH93CzuU6IVxeNwpgj-x3BwgznkIojCzjAKN0AfNOazbTDPSv01yRkAL6TRLMYxFplJw46cQ==',0
b'gAAAAABinOicQt62AVOdr_QJsuozZcLQgJb-grK8dOPRxr3fwFBlfBh3-EYNNrAqk52LK3UBidP7dX1nNgsKFnTBrWREv7iioQ==',0
b'gAAAAABinOiWkTEnRgIUum_Y4MEnFRTpj1B3C8LoGqg5VYo4SvwcdiALmMU0xEbVnpuQvQPnEV5EGio_Kz3TYwZXVl3vm1zmrA==',1
b'gAAAAABinOiZCrNW1rrDSJ7-NTkJvkHgQXSZHvbFUZBTImYV3lFiyIiCkMTzIW-n5DBGIguAfq7k_Z_BKotOB4rP_LHKa0GyiQ==',0
b'gAAAAABinOiZsB_H1i5WPBk5mHjmADWITEXT3VlL_55BbZ2v6-KFr7VEX4WGMiXiZoZc_yLstVXlc7lR7y7YygHhmp1hEa-h7Q==',0
b'gAAAAABinOiZN9dH3IX0MeZ68Xy7N84C4NBp_8TRnlyGWpzTcHz4IdwDIWT9i3JREFBWmiq7BiUgODmGV2LuDfkLlvJRxq8QyQ==',0
b'gAAAAABinOiWdnty8LrlqdQhTxGAhYsNVqf-msneSjxlP0ki0AXiKFvedjgnfC2XtpqDVVUpBbHWG7UenE2orbwAPH0n4V6aNw==',1
b'gAAAAABinOiaOJlMslIVElP-lyymLg0aesfXemlt_wUJHkFR80RRanyR67C5U76PJavAYtLx_QaHKuMrMlMV3nyydF-t6LuJHQ==',0
b'gAAAAABinOiXODNTgw9uFgkaF9KZyzpyt3-HsNgpp5MDKtAuXbLHOTRZID6nWmmwvfFRCMbePCDtHwougYWB0x9u0yPHf6wExg==',0
b'gAAAAABinOifJbejXUdQgTn802cHJaohqh-aEHmXhZCho_eeY4Sn1AeAMzONe7F0H7WJlPGGSjx_w6UesQYU7sVWv460ytmHJw==',0
b'gAAAAABinOiYc3rrYz_9rUfxrGp1Zxqr3aK2GvLQl19qGOMcvjbBZLEhFlgqY1DwB-lGg2tnRJM9djpr7WO8J0uNtGQajYNCsQ==',1
b'gAAAAABinOiYKjX-egWtZTD5etI9uxApJKYYXNAdZEiysP6fS6ZprQZ0IAAhCHg2hJzZCTkRX5Wz60gs8U3qt4JaI1gCHa7Vfw==',1
b'gAAAAABinOicY3V8v6Aa3GjyFL_TOKKKPMKAAxwy5JwcyBknMYDuOGxt4QMbdPbCP6pi-UpY8GwmtFLej8AAQGhejUngCZovDg==',0
b'gAAAAABinOiYiC6IBCBpI5CI36g3nNxiMHO3C1SGed3lkuFePtx7xq52Nt0WMlxoH1Yyjoc8TjdHEl3DJ6BkbyII8boWPOm8vw==',0
b'gAAAAABinOiXI76KkC9dtD34mMVqn7_3S7z3plD5N_BT-Ki_qapHTMQxAOtHAySdatsZS31hWi6UV2QL8p-NNcFfIxgBYON7Ag==',0
b'gAAAAABinOiVVS4B88FYGDoAC-W8Bq2aAyanJtU8fnLQS6UBHXcshokYWjcJ2_6zC37pwFrqxm0_mBlS8kHuZy9D3Vd3wYNYsg==',0
b'gAAAAABinOiewA9xLkQ0zCocR7WgQlQJyAj_ya4xAqB5lbyMVk6gAwL8a29xL86gC2puAPch8NJ4xZjbmd4MCy-SAKW0CxacQw==',0
b'gAAAAABinOiW2IuSdZFv5pSAJdGTda9hJ-Cxtk3z1dHIPzX7uAdRNbDjXbPTC-Pf9RmQj5UdF688q2XfPuuooH9c0NA8nVWXEg==',0
b'gAAAAABinOifyD26E8x65cUNr5oxiWpyYed_EJFA6j80qaFv9s7FuF3BuX-kGA3dxnhMezRMUzfKhZquMN3H5rqT0KfFW93IjA==',0
b'gAAAAABinOibondSj4vAIQ8j4uidWt8bQIdQG2uC_NE2qn2MYnzjPmS5C19xL2OEK3zhUioswCTOUF8k11QGrKcfqacxDblMgg==',0
b'gAAAAABinOibuU2ugsJ_tk9w_qB6_opAzpdFeKmBeSlX42ANnZALE51snwMI5TQ06mBe4GLISzq0XMM9x4qHVAgmIz48tgGZRA==',1
b'gAAAAABinOiZ_F9UtD-sE08i8SLjtHT8frMasMtqAIRdE70b3iOhy9NvldDxZPU8yfqkRs4hinwOSnQU_4FP-jnX1zzzyCLOwA==',0
b'gAAAAABinOiX-zXT8b_hOzeIecB3merXj6bOtO3Dvls9JLq23WR0RQoO9tLPGHTqotIAFtsBDw5Vef53mGm_Y9VcjyS9jW4-SA==',0
b'gAAAAABinOiaLL4yl2NjCAGqMe3M0iqjoSMfTIfh_hhe-kGD-aEBPOtITGqt-Yam4mikAKyfUox1r0zGlABnle4YfClhCtQvew==',0
b'gAAAAABinOiZZJoFLgHtc19Yxf3dhmf_1AIa0g1exQWb9_ybcchBTBKOoOES0d5K8KpzLSHu2dcMJVo4OjPdOEU9RxsF4fbDzg==',0
b'gAAAAABinOicYoSDo409MS73qG9nngMyhYne5TsudgJZjDVRa_zDRnmEq9vD__SEPpuGFem4RgL6eUdRlV30-tOsTreehllupQ==',0
b'gAAAAABinOiblNlrwlze3DV63KVyYAlyMA1HoAeverRll8ME2RKJ9g3rXBu9PNYbJSqGnR9jvf2HPODgz5Ck7evC7GPEcpbzmw==',0
b'gAAAAABinOiXZbvaWNOMu5zVaRmr7fEiIfYpU8trQkWwTb45SH8bser0dMrEVyuCmJcjzwRTPkqGzN0Ii2i7SYXE1v-RwjFUmw==',0
b'gAAAAABinOih23YXkMWe3DiG8_nU1_gmoNShE-x-jkdXbEYd6e5pS5ssZKzwVAf3vGQVzMMbaodLafrCE1y0DuvVSSWxcJXEvg==',0
b'gAAAAABinOicdC6oTAAc5O7vAV8uVJGE6EvH2_VEfnirlrJTq-snmav5l5d-5Pn0CcyxVQjzAR_9kZQjUXgsow-3BM4REcCGXQ==',0
b'gAAAAABinOiX8MlnUX8y6yY0LDBU8ZzTj0y6BQnT5RKyNS4pLhf9muMzglx1k9gAWgbaf0JHoElLu-1kXHywJ-RKQTIgc73LrQ==',0
b'gAAAAABinOiZhbND6-2IqmtvKExfQ_WQsR0yqjLIgHV3VJ7qabaiNBPovodQTIJ4HZqFQSuSC-C0Iw7e3o8Sgcj751F4Iv6drg==',0
b'gAAAAABinOib55kJhq2pUP7wlYFnOC5bpTXE3dyNXQVJz2IyeXzLD0vcbGassNP-ZOz9IP7n-UdUtoauXL6YO5Bui4XtDi82aQ==',1
b'gAAAAABinOieegbQkqvEOuSQdEJluFBvJG5lscPvsYWEyG9HTbMSw3kLN7PFZukRI2KUpOEjbXWuDpQdewh_QT24X6TWfiU87w==',0
b'gAAAAABinOiXyEl8_FlnquscEZHZKuiNP-ylShShwWCGszaZhDhPfPanGMAqqwPP9KwOckdhhw0s6hGg0diqY2Z58Ba7IxSP1w==',0
b'gAAAAABinOie-U2gs2kkxUSav0QvPVy9dOXHrCU6lbAW3DiUNoKKoV3tIiyuqk3sZ0I8VMqwCgyaoCMrSdr1Ac27gITgkXz3pg==',0
b'gAAAAABinOiZdfCnmutYYFSWBmjg-yvw_-eW-UAheTtlq-naymtUlPuSHbJCQEGRP1wm7-8Eg9NIfY_zm5YQV2tqzjpYhPNLOA==',1
b'gAAAAABinOiVgGPXc9mWFVA_ivEp4E7oKzveK5bOYLu0_2Ez_3Tla6cJKsmzYyMryPeuCrMhRpMI7Wwi4DTXxulfbAvAF1Pk3w==',0
b'gAAAAABinOiZdqrhRxgyh4ahxhKgn1Jh-oBf3QbxwyePQ65yw4RpcsumhHiuBqb9voi_b2_MwGJKZ_1lCQu2kJBDb5Scnzm98w==',1
b'gAAAAABinOiZwDYzivihP3gUoSRxnZiY57aJd13kamkfpfYsdlyqf8hEsKPaWiJcvk_6JX9oznZ4eZ3NlbSmfECSW1XWMF6pQw==',0
b'gAAAAABinOifHdiEH0MVUSrCUT01dd0dzKKVEgdMmijH5AsTbr07jGcRTrQbI9UdDTe1MOBgLutojOKZ5pkRj4OhcJaMMZp9cg==',0
b'gAAAAABinOib9wLfbIo2Xek74kwYqx4Flrbz1xm8wJL39GWFyFYwGFggSs41CIjnIsG1mePm9ITQal7eX3Ud7Nh-VAisNzXmiw==',0
b'gAAAAABinOiYexlVMpb2tKRyzlzwEcgkw7iYtT7DNPVkbv-r25p6ZFrZ7DbeJn6tAvWImCFpV96_qZDxU9eELJu4m5zkK1h6nQ==',0
b'gAAAAABinOicbgty2KyLsndvRO4H7ghjC92GMA0RCvnlIBWy4apIb-ctRAcAno4s2pi-4PaQwoMbrrSPcJt9n1VKLJbf6OyrSw==',0
b'gAAAAABinOicy5trPW3Jlr6xUxHjuIK2y0Q0KwiyHTKEj-B1Asy0iCtX64-UxHZVzlpnsjq-ziK_xCNtfvI0oNUZ2NzCRk6QFA==',0
b'gAAAAABinOidgaUEKcfp7HVl8Vhys_IHTQk77z6y82EiQ8qbxLJt6bWoe0fj2s7tHZ06OCtynT3U-gyNX5r3-sc1gc_kLSGciQ==',0
b'gAAAAABinOiakIBF8y-tRcXfwYhKAart8kJ1cU7VnXWHsQvef69Rwe1xS5tb6Qg_Hy1PbIS_Zrd2UfF15W_XQbXrhDoB3kym4A==',1
b'gAAAAABinOid6vaEfdTvKtD-hsURGJC10Gjki5LDii2Q9p5aA9SMPhRopwo_PtGF3SK6FnUrUIIgr6f9iqsvCT7tf4WQXorkUw==',0
b'gAAAAABinOieP4SKyYWsHDIrIdYo-BBxX_y2wt7vpw__rokPB3yoCNY16-AsR3UXtA_B5s6uXhHIFo2FVLqzP7vloqSR_e-KAA==',0
b'gAAAAABinOiWy1eGULwigSWr6ROaR4E6USudLSr87Vl7-r1cutw80OGQODN4zCSU_jZaZfYHRpQhGa4yosqB7l9jAgQm9wvVUQ==',1
b'gAAAAABinOia4rgUkxLfMKBltq_5DeJSRRDbuB2z1rFjjhxB5qKAX2OrD7fjGa9QoKh_UfAHgQQfhJg0nWCl1ebCIG34QvcPjg==',0
b'gAAAAABinOiflDZ8hmBQlnQnna_TH87Ql4Atdb9kaZ6PhBGxEh8KhVWDCB6GBqml4AZK9HakauksKIV96eUFpoYYZSfwwUGG-w==',0
